<?xml version="1.0" encoding="UTF-8"?>
<submission xmlns="urn:proforma:v2.1">
 <included-task-file>
  <attached-xml-file>task.xml</attached-xml-file>
 </included-task-file>
 <files>
  <file mimetype="text/*">
   <attached-txt-file>Hello.java</attached-txt-file>
  </file>
  <file mimetype="text/*">
   <attached-txt-file>score</attached-txt-file>
  </file>
 </files>
 <lms>
  <submission-datetime>2025-11-13T13:39:12</submission-datetime>
 </lms>
 <result-spec format="xml" structure="separate-test-feedback">
  <student-feedback-level>info</student-feedback-level>
  <teacher-feedback-level>debug</teacher-feedback-level>
 </result-spec>
</submission>
