<?xml version='1.0' encoding='UTF-8'?>
<p:task xmlns:p="urn:proforma:v2.1" xmlns:l="urn:proforma:lmsinputfields:v0.2" uuid="0ffcfbd3-4d47-4805-8f42-1b22b5ba46a6" lang="de">
  <p:title>Dummy Grader Task</p:title>
  <p:description><![CDATA[You have to submit two files:
  <ul><li>The first must be a file Hello.java</li>
  <li>The second file 'score' must contain a score on a single line from the interval [0.0, 1.0]. This score will be awarded to your submission.</li>
  <li>Additionally you can upload one or more files (binary or text).</li>
  </ul>
]]></p:description>
  <p:internal-description><![CDATA[No internal description.
]]></p:internal-description>
  <p:proglang version="8">java</p:proglang>
  <p:submission-restrictions max-size="10000">
    <p:file-restriction use="required">Hello.java</p:file-restriction>
    <p:file-restriction use="required">score</p:file-restriction>
  </p:submission-restrictions>
  <p:files>
    <p:file id="helloworld" used-by-grader="false" visible="yes" usage-by-lms="edit">
      <p:embedded-txt-file filename="Hello.java">public class Hello {
    public static void main(String[] args) {
        System.out.println("Hello World"); 
    }
}</p:embedded-txt-file>
    </p:file>
    <p:file id="score" used-by-grader="false" visible="yes" usage-by-lms="edit">
      <p:embedded-txt-file filename="score">0.9</p:embedded-txt-file>
    </p:file>
    <p:file id="dummy-txt" used-by-grader="false" visible="yes" usage-by-lms="download">
      <p:attached-txt-file encoding="UTF-8">dummy.txt</p:attached-txt-file>
    </p:file>
    <p:file id="dummy-zip" used-by-grader="false" visible="yes" usage-by-lms="download">
      <p:attached-bin-file>dummy.zip</p:attached-bin-file>
    </p:file>
  </p:files>
  <p:tests>
    <p:test id="dummy">
      <p:title>Dummy test</p:title>
      <p:test-type>none</p:test-type>
      <p:test-configuration/>
    </p:test>
  </p:tests>
  <p:grading-hints>
    <p:root function="sum">
      <p:test-ref ref="dummy" weight="1">
        <p:title>Should be correct</p:title>
      </p:test-ref>
    </p:root>
  </p:grading-hints>
  <p:meta-data>
   	<l:lms-input-fields>
      <l:fileinput filename="dummy.txt" fixedfilename="true" proglang="txt" />
      <l:fileinput filename="dummy.zip" fixedfilename="true" proglang="txt" />
      <l:textfield file-ref="helloworld" fixedfilename="true" proglang="java"  initial-display-rows="6"/>
      <l:textfield file-ref="score" fixedfilename="true" proglang="txt"  initial-display-rows="3"/>
    </l:lms-input-fields>
  </p:meta-data>
</p:task>
