<?xml version='1.0' encoding='UTF-8'?>
<p:task xmlns:p="urn:proforma:v2.1" xmlns:l="urn:proforma:lmsinputfields:v0.2" uuid="0ffcfbd3-4d47-4805-8f42-1b22b5ba46a6" lang="de">
  <p:title>Dummy Grader Task</p:title>
  <p:description><![CDATA[You may submit some or all of the following files:
  <ul><li>A file Hello.java</li>
  <li>The file 'score' must contain a score on a single line from the interval [0.0, 1.0]. This score will be awarded to your submission.</li>
  <li>A file 'override-response-format' must contain the desired response format ("xml" or "zip"). This format will override the format requested as part of the &lt;result-spec&gt; element inside the ProFormA-submission. So if override-response-format contains a different format than specified in &lt;result-spec&gt;, the DummyGrader will ignore the &lt;result-spec&gt; specification.</li>
  <li>One or more files named 'to-be-attached-to-response*.txt' or 'to-be-embedded-into-response*.txt', respectively. These will be included in the response.</li>
  <li>A file named 'error.txt'. If this is present, the grader will return an internal error.</li>
  <li>Additionally you can upload one or more further files (binary or text).</li>
  </ul>
]]></p:description>
  <p:internal-description><![CDATA[No internal description.
]]></p:internal-description>
  <p:proglang version="8">prolog</p:proglang>
  <p:submission-restrictions max-size="10000">
    <p:file-restriction use="optional">Hello.java</p:file-restriction>
    <p:file-restriction use="optional">score</p:file-restriction>
    <p:file-restriction use="optional">override-response-format</p:file-restriction>
    <p:file-restriction use="optional">to-be-attached-to-response.txt</p:file-restriction>
    <p:file-restriction use="optional">to-be-embedded-into-response.txt</p:file-restriction>
    <p:file-restriction use="optional">error.txt</p:file-restriction>
  </p:submission-restrictions>
  <p:files>
    <p:file id="helloworld" used-by-grader="false" visible="yes" usage-by-lms="edit">
      <p:embedded-txt-file filename="Hello.java">public class Hello {
    public static void main(String[] args) {
        System.out.println("Hello World"); 
    }
}</p:embedded-txt-file>
    </p:file>
    <p:file id="score" used-by-grader="false" visible="yes" usage-by-lms="edit">
      <p:embedded-txt-file filename="score">0.9</p:embedded-txt-file>
    </p:file>
    <p:file id="override-format" used-by-grader="false" visible="yes" usage-by-lms="edit">
      <p:embedded-txt-file filename="override-response-format">zip</p:embedded-txt-file>
    </p:file>
    <p:file id="attached-text-file" used-by-grader="false" visible="yes" usage-by-lms="edit">
      <p:embedded-txt-file filename="to-be-attached-to-response-1.txt">This is a file named to-be-attached-to-response-1.txt</p:embedded-txt-file>
    </p:file>
    <p:file id="embedded-text-file-1" used-by-grader="false" visible="yes" usage-by-lms="edit">
      <p:embedded-txt-file filename="to-be-embedded-into-response-1.txt">This is a file named to-be-embedded-into-response-1.txt</p:embedded-txt-file>
    </p:file>
    <p:file id="embedded-text-file-2" used-by-grader="false" visible="yes" usage-by-lms="edit">
      <p:embedded-txt-file filename="to-be-embedded-into-response-2.txt">This is a file named to-be-embedded-into-response-2.txt</p:embedded-txt-file>
    </p:file>
    <p:file id="dummy-txt" used-by-grader="false" visible="yes" usage-by-lms="download">
      <p:attached-txt-file encoding="UTF-8">dummy.txt</p:attached-txt-file>
    </p:file>
    <p:file id="dummy-zip" used-by-grader="false" visible="yes" usage-by-lms="download">
      <p:attached-bin-file>dummy.zip</p:attached-bin-file>
    </p:file>
  </p:files>
  <p:tests>
    <p:test id="dummy">
      <p:title>Dummy test</p:title>
      <p:test-type>none</p:test-type>
      <p:test-configuration/>
    </p:test>
  </p:tests>
  <p:grading-hints>
    <p:root function="sum">
      <p:test-ref ref="dummy" weight="1">
        <p:title>Should be correct</p:title>
      </p:test-ref>
    </p:root>
  </p:grading-hints>
  <p:meta-data>
   	<l:lms-input-fields>
      <l:fileinput filename="dummy.txt" fixedfilename="true" proglang="txt" />
      <l:fileinput filename="dummy.zip" fixedfilename="true" proglang="txt" />
      <l:textfield file-ref="helloworld" fixedfilename="true" proglang="java"  initial-display-rows="6"/>
      <l:textfield file-ref="score" fixedfilename="true" proglang="txt"  initial-display-rows="3"/>
      <l:textfield file-ref="override-format" fixedfilename="true" proglang="txt"  initial-display-rows="3"/>
      <l:textfield file-ref="attached-text-file" fixedfilename="true" proglang="txt"  initial-display-rows="3"/>
      <l:textfield file-ref="embedded-text-file-1" fixedfilename="true" proglang="txt"  initial-display-rows="3"/>
      <l:textfield file-ref="embedded-text-file-2" fixedfilename="true" proglang="txt"  initial-display-rows="3"/>
    </l:lms-input-fields>
  </p:meta-data>
</p:task>
