<?xml version="1.0" encoding="UTF-8"?>
<submission xmlns="urn:proforma:v2.1">
 <included-task-file>
  <attached-xml-file>task.xml</attached-xml-file>
 </included-task-file>
 <files>
  <file mimetype="text/plain">
   <attached-txt-file>override-response-format</attached-txt-file>
  </file>
  <file mimetype="text/plain">
   <attached-txt-file>to-be-attached-to-response.txt</attached-txt-file>
  </file>
  <file mimetype="application/zip">
   <attached-bin-file>to-be-attached-to-response.zip</attached-bin-file>
  </file>
  <file mimetype="text/plain">
   <attached-txt-file>to-be-embedded-into-response.txt</attached-txt-file>
  </file>
  <file mimetype="application/zip">
   <attached-bin-file>to-be-embedded-into-response.zip</attached-bin-file>
  </file>
  <file mimetype="text/*">
   <attached-txt-file>Hello.java</attached-txt-file>
  </file>
  <file mimetype="text/*">
   <attached-txt-file>score</attached-txt-file>
  </file>
 </files>
 <lms>
  <submission-datetime>2025-11-09T11:32:35</submission-datetime>
 </lms>
 <result-spec format="zip" structure="separate-test-feedback">
  <student-feedback-level>info</student-feedback-level>
  <teacher-feedback-level>debug</teacher-feedback-level>
 </result-spec>
</submission>
