<?xml version="1.0" ?>
<p:response xmlns:p="urn:proforma:v2.1">
  <p:separate-test-feedback>
    <p:submission-feedback-list>
      <p:student-feedback level="info">
        <p:content format="html"><![CDATA[<div class='graja'>
<p>
<span>Grading starts at: 2019-10-13T19:57:44.514
</span></p><p>
<span style='font-weight:bold;font-size:larger'>Submission processing</span><span style='font-weight:bold;font-size:larger'> Details</span></p><p>
<span>Graja detected the following encodings in your source files.</span></p>

<table id='table_de2d03d766c44c81891afda8a3ca6764' style='padding:0px;border-spacing:0px;'><tr id='tr_table_de2d03d766c44c81891afda8a3ca6764_0'><th id='table_de2d03d766c44c81891afda8a3ca6764_816921a0-918d-4ee8-a263-c403f6628cdd'  style='background-color:transparent;padding:0px 0px 0px 0px;text-align:left;'><span>File</span></th><th id='table_de2d03d766c44c81891afda8a3ca6764_34447f18-4b4d-41e0-8911-0be4cd36a581'  style='background-color:transparent;padding:0px 0px 0px 0px;text-align:left;'><span>Detected encoding</span></th></tr><tr id='tr_table_de2d03d766c44c81891afda8a3ca6764_1'><td id='table_de2d03d766c44c81891afda8a3ca6764_8b7af168-9611-49ec-b558-9520ba364656'  style='background-color:transparent;padding:0px 0px 0px 0px;text-align:left;'><span>&#47;geom&#47;Circle.java</span></td><td id='table_de2d03d766c44c81891afda8a3ca6764_abe6eeb7-d82a-42dd-9617-acf6080f0124'  style='background-color:transparent;padding:0px 0px 0px 0px;text-align:left;'><span>UTF-8</span></td></tr></table><p>
<span>This above table is for your information only. You should consult the table, if there are strange errors that do not occur on your computer. Note: it's safest to use UTF-8 for your source files, since UTF-8 can be detected reliably. Other encodings like Windows encodings, Latin1 or Mac specific encodings might not be detected correctly depending on your source file contents. As a consequence the following could happen: you saved your Java source containing e. g. the variable 'm&#225;cula' using the encoding x-MacRoman. Graja mistakenly loads your file using a different encoding windows-1252 and interprets the character '&#225;' as a symbol '&#8211;'. The resulting variable name 'm&#8211;cula' is an illegal Java identifier and compilation will fail. In order to prevent such errors it is recommended to save and submit your files in UTF-8.</span></p></div><div class='graja'>
<p>
<span>Running JVM's java version: 1.8. </span><span>Graja version: 2.1.0-SNAPSHOT 2019-10-13 19:39:38. </span></p><p>
<span style='font-size:larger;font-weight:bold'>Summary</span><span style='font-size:larger;font-weight:bold'> Details</span></p>

<p>
<span>Error. Score: 2.91&#47;8.00. Assignment dom.circle.</span></p></div><div class='graja'>
<p>
<span>Grading stops at: 2019-10-13T19:57:53.511 (duration: 8 seconds)
</span></p></div>]]></p:content>
      </p:student-feedback>
    </p:submission-feedback-list>
    <p:tests-response>
      <p:test-response id="compile">
        <p:test-result>
          <p:result>
            <p:score>1.0</p:score>
          </p:result>
          <p:feedback-list>
            <p:student-feedback level="info"></p:student-feedback>
          </p:feedback-list>
        </p:test-result>
      </p:test-response>
      <p:test-response id="junit">
        <p:subtests-response>
          <p:subtest-response id="dom.circle.grader.Tester#testMethod">
            <p:test-result>
              <p:result>
                <p:score>1.0</p:score>
              </p:result>
              <p:feedback-list>
                <p:student-feedback level="info"></p:student-feedback>
              </p:feedback-list>
            </p:test-result>
          </p:subtest-response>
          <p:subtest-response id="dom.circle.grader.Tester#testRtoA">
            <p:test-result>
              <p:result>
                <p:score>1.0</p:score>
              </p:result>
              <p:feedback-list>
                <p:student-feedback level="info"></p:student-feedback>
              </p:feedback-list>
            </p:test-result>
          </p:subtest-response>
          <p:subtest-response id="dom.circle.grader.Tester#testAtoR">
            <p:test-result>
              <p:result>
                <p:score>0.2</p:score>
              </p:result>
              <p:feedback-list>
                <p:student-feedback level="info">
                  <p:content format="html"><![CDATA[<div class='graja'>
<a id='anchor_bacff3e947ac4e0a914e65b319e1889c'></a><p>
<span> 
Circle.calcRadius(1.0) should return 0.5642 but returned 0.3183.
Circle.calcRadius(3.0) should return 0.9772 but returned 0.5513.
Circle.calcRadius(10.0) should return 1.7841 but returned 1.0066.
Circle.calcRadius(30.0) should return 3.0902 but returned 1.7435.</span></p></div>]]></p:content>
                </p:student-feedback>
              </p:feedback-list>
            </p:test-result>
          </p:subtest-response>
        </p:subtests-response>
      </p:test-response>
      <p:test-response id="checkstyle">
        <p:subtests-response>
          <p:subtest-response id="OneStatementPerLine">
            <p:test-result>
              <p:result>
                <p:score>1.0</p:score>
              </p:result>
              <p:feedback-list>
                <p:student-feedback level="info"></p:student-feedback>
              </p:feedback-list>
            </p:test-result>
          </p:subtest-response>
        </p:subtests-response>
      </p:test-response>
      <p:test-response id="pmd">
        <p:subtests-response>
          <p:subtest-response id="MethodNamingConventions">
            <p:test-result>
              <p:result>
                <p:score>0.0</p:score>
              </p:result>
              <p:feedback-list>
                <p:student-feedback level="info">
                  <p:content format="html"><![CDATA[<div class='graja'>
<a id='anchor_3989efe705024810843b66863997509a'></a><p>
<span>
Method names should always begin with a lower case character, and should not contain underscores.
          </span></p>

<ul>
<li><p>
<span>Method names should not start with capital letters</span></p>

<pre>Circle.java
6 : }
7 : &#47;** @return v&#178; *&#47;
8 &#62;&#62;private static double Square(double v) {
9 :     return v * v&#59;</pre>
</li>
</ul></div>]]></p:content>
                </p:student-feedback>
              </p:feedback-list>
            </p:test-result>
          </p:subtest-response>
          <p:subtest-response id="CommentRequired">
            <p:test-result>
              <p:result>
                <p:score>0.0</p:score>
              </p:result>
              <p:feedback-list>
                <p:student-feedback level="info">
                  <p:content format="html"><![CDATA[<div class='graja'>
<a id='anchor_57991e203717472badf18c8b047254be'></a><p>
<span>Leading comments are required before public methods.</span></p>

<ul>
<li><p>
<span>publicMethodCommentRequirement Required</span></p>

<pre>Circle.java
10 :        }
11 :        &#47;* return &#8730;a &#47; &#960; *&#47;
12 &#62;&#62;       public static double calcRadius(double a) { 
13 &#62;&#62;           return Math.sqrt(a) &#47; Math.PI&#59; 
14 &#62;&#62;       }
15 :    }</pre>
</li>
</ul></div>]]></p:content>
                </p:student-feedback>
              </p:feedback-list>
            </p:test-result>
          </p:subtest-response>
        </p:subtests-response>
      </p:test-response>
    </p:tests-response>
  </p:separate-test-feedback>
  <p:files>
  </p:files>
  <p:response-meta-data>
    <p:grader-engine name="Graja" version="2.1.0-SNAPSHOT 2019-10-13 19:39:38"></p:grader-engine>
  </p:response-meta-data>
</p:response>
